1146722_1_7558140036342906956.csv,http://dbpedia.org/ontology/Mountain,5,http://dbpedia.org/ontology/maximumElevation,http://dbpedia.org/property/elevationM,1
1146722_1_7558140036342906956.csv,http://dbpedia.org/ontology/Mountain,5,http://dbpedia.org/ontology/maximumElevation,http://dbpedia.org/ontology/elevation,2
1146722_1_7558140036342906956.csv,http://dbpedia.org/ontology/Mountain,5,http://dbpedia.org/ontology/maximumElevation,http://dbpedia.org/ontology/firstAscentYear,3
11688006_0_8123036130090004213.csv,http://dbpedia.org/ontology/Country,2,http://dbpedia.org/ontology/populationTotal,http://dbpedia.org/property/populationEstimate,1
11688006_0_8123036130090004213.csv,http://dbpedia.org/ontology/Country,2,http://dbpedia.org/ontology/populationTotal,http://dbpedia.org/property/admissionsTotal,2
11688006_0_8123036130090004213.csv,http://dbpedia.org/ontology/Country,2,http://dbpedia.org/ontology/populationTotal,http://dbpedia.org/property/populationCensus,3
11688006_0_8123036130090004213.csv,http://dbpedia.org/ontology/Country,3,http://dbpedia.org/property/statArea,http://dbpedia.org/property/population,1
11688006_0_8123036130090004213.csv,http://dbpedia.org/ontology/Country,3,http://dbpedia.org/property/statArea,http://dbpedia.org/property/statArea,2
11688006_0_8123036130090004213.csv,http://dbpedia.org/ontology/Country,3,http://dbpedia.org/property/statArea,http://dbpedia.org/property/populationTotal,3
11688006_0_8123036130090004213.csv,http://dbpedia.org/ontology/Country,5,http://dbpedia.org/property/statArea,http://dbpedia.org/property/statArea,1
11688006_0_8123036130090004213.csv,http://dbpedia.org/ontology/Country,5,http://dbpedia.org/property/statArea,http://dbpedia.org/property/votes,2
11688006_0_8123036130090004213.csv,http://dbpedia.org/ontology/Country,5,http://dbpedia.org/property/statArea,http://dbpedia.org/property/pop,3
13395751_3_369722706637560735.csv,http://dbpedia.org/ontology/Lake,3,http://dbpedia.org/property/height,http://dbpedia.org/property/imageSize,1
13395751_3_369722706637560735.csv,http://dbpedia.org/ontology/Lake,3,http://dbpedia.org/property/height,http://dbpedia.org/ontology/Lake-areaOfCatchment,2
13395751_3_369722706637560735.csv,http://dbpedia.org/ontology/Lake,3,http://dbpedia.org/property/height,http://dbpedia.org/ontology/elevation,3
14311244_0_7604843865524657408.csv,http://dbpedia.org/ontology/Mountain,1,http://dbpedia.org/property/elevation,http://dbpedia.org/property/elevationFt,1
14311244_0_7604843865524657408.csv,http://dbpedia.org/ontology/Mountain,1,http://dbpedia.org/property/elevation,http://dbpedia.org/property/prominence,2
14311244_0_7604843865524657408.csv,http://dbpedia.org/ontology/Mountain,1,http://dbpedia.org/property/elevation,http://dbpedia.org/property/scale,3
15700884_0_8204220284166767221.csv,http://dbpedia.org/ontology/Company,2,http://dbpedia.org/property/employees,http://dbpedia.org/property/numLawyers,1
15700884_0_8204220284166767221.csv,http://dbpedia.org/ontology/Company,2,http://dbpedia.org/property/employees,http://dbpedia.org/ontology/numberOfLawyers,2
15700884_0_8204220284166767221.csv,http://dbpedia.org/ontology/Company,2,http://dbpedia.org/property/employees,http://dbpedia.org/property/locationPlace,3
16767252_0_2409448375013995751.csv,http://dbpedia.org/ontology/Film,2,http://dbpedia.org/property/released,http://dbpedia.org/property/year,1
16767252_0_2409448375013995751.csv,http://dbpedia.org/ontology/Film,2,http://dbpedia.org/property/released,http://dbpedia.org/property/established,2
16767252_0_2409448375013995751.csv,http://dbpedia.org/ontology/Film,2,http://dbpedia.org/property/released,http://dbpedia.org/property/recorded,3
19073331_0_2742992342272078110.csv,http://dbpedia.org/ontology/PoliticalParty,3,http://dbpedia.org/property/change,http://dbpedia.org/property/seats,1
19073331_0_2742992342272078110.csv,http://dbpedia.org/ontology/PoliticalParty,3,http://dbpedia.org/property/change,http://dbpedia.org/property/percentage,2
19073331_0_2742992342272078110.csv,http://dbpedia.org/ontology/PoliticalParty,3,http://dbpedia.org/property/change,http://dbpedia.org/property/1p,3
20135078_0_7570343137119682530.csv,http://dbpedia.org/ontology/Film,2,http://dbpedia.org/ontology/activeYearsStartYear,http://dbpedia.org/property/year,1
20135078_0_7570343137119682530.csv,http://dbpedia.org/ontology/Film,2,http://dbpedia.org/ontology/activeYearsStartYear,http://dbpedia.org/property/established,2
20135078_0_7570343137119682530.csv,http://dbpedia.org/ontology/Film,2,http://dbpedia.org/ontology/activeYearsStartYear,http://dbpedia.org/property/years,3
2066887_0_746204117268168398.csv,http://dbpedia.org/ontology/Saint,4,http://dbpedia.org/ontology/deathYear,http://dbpedia.org/ontology/birthYear,1
2066887_0_746204117268168398.csv,http://dbpedia.org/ontology/Saint,4,http://dbpedia.org/ontology/deathYear,http://dbpedia.org/ontology/deathYear,2
2066887_0_746204117268168398.csv,http://dbpedia.org/ontology/Saint,4,http://dbpedia.org/ontology/deathYear,http://dbpedia.org/property/years,3
21329809_0_5526008408364682899.csv,http://dbpedia.org/ontology/City,3,http://dbpedia.org/ontology/populationUrban,http://dbpedia.org/property/blank1Info,1
21329809_0_5526008408364682899.csv,http://dbpedia.org/ontology/City,3,http://dbpedia.org/ontology/populationUrban,http://dbpedia.org/ontology/populationMetro,2
21329809_0_5526008408364682899.csv,http://dbpedia.org/ontology/City,3,http://dbpedia.org/ontology/populationUrban,http://dbpedia.org/property/populationMetro,3
21329809_0_5526008408364682899.csv,http://dbpedia.org/ontology/City,4,http://dbpedia.org/ontology/populationMetro,http://dbpedia.org/property/gnisId,1
21329809_0_5526008408364682899.csv,http://dbpedia.org/ontology/City,4,http://dbpedia.org/ontology/populationMetro,http://dbpedia.org/ontology/populationMetro,2
21329809_0_5526008408364682899.csv,http://dbpedia.org/ontology/City,4,http://dbpedia.org/ontology/populationMetro,http://dbpedia.org/property/populationMetro,3
21337553_0_8832378999628437599.csv,http://dbpedia.org/ontology/Mountain,2,http://dbpedia.org/property/elevation,http://dbpedia.org/property/elevationFt,1
21337553_0_8832378999628437599.csv,http://dbpedia.org/ontology/Mountain,2,http://dbpedia.org/property/elevation,http://dbpedia.org/property/prominence,2
21337553_0_8832378999628437599.csv,http://dbpedia.org/ontology/Mountain,2,http://dbpedia.org/property/elevation,http://dbpedia.org/property/elevation,3
21362676_0_6854186738074119688.csv,http://dbpedia.org/ontology/Film,2,http://dbpedia.org/property/released,http://dbpedia.org/property/year,1
21362676_0_6854186738074119688.csv,http://dbpedia.org/ontology/Film,2,http://dbpedia.org/property/released,http://dbpedia.org/property/established,2
21362676_0_6854186738074119688.csv,http://dbpedia.org/ontology/Film,2,http://dbpedia.org/property/released,http://dbpedia.org/property/recorded,3
21801207_0_8144839668470123042.csv,http://dbpedia.org/ontology/VideoGame,0,http://dbpedia.org/property/homeranking,http://dbpedia.org/property/nlife,1
21801207_0_8144839668470123042.csv,http://dbpedia.org/ontology/VideoGame,0,http://dbpedia.org/property/homeranking,http://dbpedia.org/property/eurog,2
21801207_0_8144839668470123042.csv,http://dbpedia.org/ontology/VideoGame,0,http://dbpedia.org/property/homeranking,http://dbpedia.org/property/rev1X,3
21801207_0_8144839668470123042.csv,http://dbpedia.org/ontology/VideoGame,2,http://dbpedia.org/property/homeranking,http://dbpedia.org/property/content,1
21801207_0_8144839668470123042.csv,http://dbpedia.org/ontology/VideoGame,2,http://dbpedia.org/property/homeranking,http://dbpedia.org/property/rev1score,2
21801207_0_8144839668470123042.csv,http://dbpedia.org/ontology/VideoGame,2,http://dbpedia.org/property/homeranking,http://dbpedia.org/property/cvg,3
24036779_0_5608105867560183058.csv,http://dbpedia.org/ontology/Country,1,http://dbpedia.org/property/statArea,http://dbpedia.org/property/population,1
24036779_0_5608105867560183058.csv,http://dbpedia.org/ontology/Country,1,http://dbpedia.org/property/statArea,http://dbpedia.org/property/populationTotal,2
24036779_0_5608105867560183058.csv,http://dbpedia.org/ontology/Country,1,http://dbpedia.org/property/statArea,http://dbpedia.org/property/statArea,3
24036779_0_5608105867560183058.csv,http://dbpedia.org/ontology/Country,4,http://dbpedia.org/ontology/populationTotal,http://dbpedia.org/property/admissionsTotal,1
24036779_0_5608105867560183058.csv,http://dbpedia.org/ontology/Country,4,http://dbpedia.org/ontology/populationTotal,http://dbpedia.org/property/areaMagnitude,2
24036779_0_5608105867560183058.csv,http://dbpedia.org/ontology/Country,4,http://dbpedia.org/ontology/populationTotal,http://dbpedia.org/property/populationEstimate,3
24417511_0_3058323105166963431.csv,http://dbpedia.org/ontology/BaseballPlayer,0,http://dbpedia.org/property/hofdate,http://dbpedia.org/property/hofdate,1
24417511_0_3058323105166963431.csv,http://dbpedia.org/ontology/BaseballPlayer,0,http://dbpedia.org/property/hofdate,http://dbpedia.org/property/year,2
24417511_0_3058323105166963431.csv,http://dbpedia.org/ontology/BaseballPlayer,0,http://dbpedia.org/property/hofdate,http://dbpedia.org/property/years,3
24850757_0_5978004733768297283.csv,http://dbpedia.org/ontology/Country,1,http://dbpedia.org/property/pop,http://dbpedia.org/property/postalCode,1
24850757_0_5978004733768297283.csv,http://dbpedia.org/ontology/Country,1,http://dbpedia.org/property/pop,http://dbpedia.org/property/gdpNominalPerCapita,2
24850757_0_5978004733768297283.csv,http://dbpedia.org/ontology/Country,1,http://dbpedia.org/property/pop,http://dbpedia.org/ontology/PopulatedPlace-areaTotal,3
25404227_0_2240631045609013057.csv,http://dbpedia.org/ontology/Film,2,http://dbpedia.org/property/released,http://dbpedia.org/property/year,1
25404227_0_2240631045609013057.csv,http://dbpedia.org/ontology/Film,2,http://dbpedia.org/property/released,http://dbpedia.org/property/established,2
25404227_0_2240631045609013057.csv,http://dbpedia.org/ontology/Film,2,http://dbpedia.org/property/released,http://dbpedia.org/property/recorded,3
26270372_1_3774607938887520564.csv,http://dbpedia.org/ontology/Monarch,2,http://dbpedia.org/property/years,http://dbpedia.org/property/rows,1
26270372_1_3774607938887520564.csv,http://dbpedia.org/ontology/Monarch,2,http://dbpedia.org/property/years,http://dbpedia.org/property/reign,2
26270372_1_3774607938887520564.csv,http://dbpedia.org/ontology/Monarch,2,http://dbpedia.org/property/years,http://dbpedia.org/ontology/activeYearsEndYear,3
26310680_0_5150772059999313798.csv,http://dbpedia.org/ontology/Currency,3,http://dbpedia.org/property/isoNumber,http://dbpedia.org/property/isoNumber,1
26310680_0_5150772059999313798.csv,http://dbpedia.org/ontology/Currency,3,http://dbpedia.org/property/isoNumber,http://dbpedia.org/property/rarelyUsedBanknotes,2
26310680_0_5150772059999313798.csv,http://dbpedia.org/ontology/Currency,3,http://dbpedia.org/property/isoNumber,http://dbpedia.org/property/frequentlyUsedCoins,3
27466715_0_3913547177671701530.csv,http://dbpedia.org/ontology/VideoGame,1,http://dbpedia.org/property/recorded,http://dbpedia.org/property/years,1
27466715_0_3913547177671701530.csv,http://dbpedia.org/ontology/VideoGame,1,http://dbpedia.org/property/recorded,http://dbpedia.org/property/totalLength,2
27466715_0_3913547177671701530.csv,http://dbpedia.org/ontology/VideoGame,1,http://dbpedia.org/property/recorded,http://dbpedia.org/property/height,3
28036255_0_5705563063166785494.csv,http://dbpedia.org/ontology/Mountain,1,http://dbpedia.org/ontology/elevation,http://dbpedia.org/property/elevationM,1
28036255_0_5705563063166785494.csv,http://dbpedia.org/ontology/Mountain,1,http://dbpedia.org/ontology/elevation,http://dbpedia.org/ontology/elevation,2
28036255_0_5705563063166785494.csv,http://dbpedia.org/ontology/Mountain,1,http://dbpedia.org/ontology/elevation,http://dbpedia.org/property/id,3
28154036_0_909001972154294543.csv,http://dbpedia.org/ontology/PoliticalParty,3,http://dbpedia.org/property/seats,http://dbpedia.org/property/percentage,1
28154036_0_909001972154294543.csv,http://dbpedia.org/ontology/PoliticalParty,3,http://dbpedia.org/property/seats,http://dbpedia.org/property/seats,2
28154036_0_909001972154294543.csv,http://dbpedia.org/ontology/PoliticalParty,3,http://dbpedia.org/property/seats,http://dbpedia.org/property/1p,3
28993628_1_6072768612274729703.csv,http://dbpedia.org/ontology/Mountain,2,http://dbpedia.org/ontology/maximumElevation,http://dbpedia.org/property/elevationM,1
28993628_1_6072768612274729703.csv,http://dbpedia.org/ontology/Mountain,2,http://dbpedia.org/ontology/maximumElevation,http://dbpedia.org/ontology/elevation,2
28993628_1_6072768612274729703.csv,http://dbpedia.org/ontology/Mountain,2,http://dbpedia.org/ontology/maximumElevation,http://dbpedia.org/property/scale,3
29414811_12_251152470253168163.csv,http://dbpedia.org/ontology/VideoGame,0,http://dbpedia.org/property/years,http://dbpedia.org/property/years,1
29414811_12_251152470253168163.csv,http://dbpedia.org/ontology/VideoGame,0,http://dbpedia.org/property/years,http://dbpedia.org/property/totalLength,2
29414811_12_251152470253168163.csv,http://dbpedia.org/ontology/VideoGame,0,http://dbpedia.org/property/years,http://dbpedia.org/property/height,3
29414811_13_8724394428539174350.csv,http://dbpedia.org/ontology/VideoGame,0,http://dbpedia.org/property/recorded,http://dbpedia.org/property/years,1
29414811_13_8724394428539174350.csv,http://dbpedia.org/ontology/VideoGame,0,http://dbpedia.org/property/recorded,http://dbpedia.org/property/totalLength,2
29414811_13_8724394428539174350.csv,http://dbpedia.org/ontology/VideoGame,0,http://dbpedia.org/property/recorded,http://dbpedia.org/property/height,3
29414811_2_4773219892816395776.csv,http://dbpedia.org/ontology/VideoGame,0,http://dbpedia.org/property/years,http://dbpedia.org/property/years,1
29414811_2_4773219892816395776.csv,http://dbpedia.org/ontology/VideoGame,0,http://dbpedia.org/property/years,http://dbpedia.org/property/totalLength,2
29414811_2_4773219892816395776.csv,http://dbpedia.org/ontology/VideoGame,0,http://dbpedia.org/property/years,http://dbpedia.org/property/height,3
29414811_6_8221428333921653560.csv,http://dbpedia.org/ontology/VideoGame,0,http://dbpedia.org/property/recorded,http://dbpedia.org/property/years,1
29414811_6_8221428333921653560.csv,http://dbpedia.org/ontology/VideoGame,0,http://dbpedia.org/property/recorded,http://dbpedia.org/property/totalLength,2
29414811_6_8221428333921653560.csv,http://dbpedia.org/ontology/VideoGame,0,http://dbpedia.org/property/recorded,http://dbpedia.org/property/height,3
29886325_0_1448173912684571475.csv,http://dbpedia.org/ontology/City,3,http://dbpedia.org/ontology/populationUrban,http://dbpedia.org/property/gnisId,1
29886325_0_1448173912684571475.csv,http://dbpedia.org/ontology/City,3,http://dbpedia.org/ontology/populationUrban,http://dbpedia.org/ontology/populationMetro,2
29886325_0_1448173912684571475.csv,http://dbpedia.org/ontology/City,3,http://dbpedia.org/ontology/populationUrban,http://dbpedia.org/property/populationMetro,3
29886325_0_1448173912684571475.csv,http://dbpedia.org/ontology/City,4,http://dbpedia.org/ontology/populationMetro,http://dbpedia.org/property/gnisId,1
29886325_0_1448173912684571475.csv,http://dbpedia.org/ontology/City,4,http://dbpedia.org/ontology/populationMetro,http://dbpedia.org/property/gemeindeschlüssel,2
29886325_0_1448173912684571475.csv,http://dbpedia.org/ontology/City,4,http://dbpedia.org/ontology/populationMetro,http://dbpedia.org/ontology/populationMetro,3
32812626_0_5428724146873158593.csv,http://dbpedia.org/ontology/Hospital,2,http://dbpedia.org/property/beds,http://dbpedia.org/property/imageSize,1
32812626_0_5428724146873158593.csv,http://dbpedia.org/ontology/Hospital,2,http://dbpedia.org/property/beds,http://dbpedia.org/property/width,2
32812626_0_5428724146873158593.csv,http://dbpedia.org/ontology/Hospital,2,http://dbpedia.org/property/beds,http://dbpedia.org/property/address,3
33242247_1_7232384061498591611.csv,http://dbpedia.org/ontology/Election,1,http://dbpedia.org/property/amsVotes,http://dbpedia.org/property/staten,1
33242247_1_7232384061498591611.csv,http://dbpedia.org/ontology/Election,1,http://dbpedia.org/property/amsVotes,http://dbpedia.org/property/total,2
33242247_1_7232384061498591611.csv,http://dbpedia.org/ontology/Election,1,http://dbpedia.org/property/amsVotes,http://dbpedia.org/property/turnout,3
33242247_1_7232384061498591611.csv,http://dbpedia.org/ontology/Election,4,http://dbpedia.org/property/seats%25_,http://dbpedia.org/property/fpv%25_,1
33242247_1_7232384061498591611.csv,http://dbpedia.org/ontology/Election,4,http://dbpedia.org/property/seats%25_,http://dbpedia.org/property/value,2
33242247_1_7232384061498591611.csv,http://dbpedia.org/ontology/Election,4,http://dbpedia.org/property/seats%25_,http://dbpedia.org/property/seatsHeld,3
3389822_6_374624044314151266.csv,http://dbpedia.org/ontology/Mountain,2,http://dbpedia.org/ontology/elevation,http://dbpedia.org/property/elevationM,1
3389822_6_374624044314151266.csv,http://dbpedia.org/ontology/Mountain,2,http://dbpedia.org/ontology/elevation,http://dbpedia.org/ontology/elevation,2
3389822_6_374624044314151266.csv,http://dbpedia.org/ontology/Mountain,2,http://dbpedia.org/ontology/elevation,http://dbpedia.org/property/prominence,3
34041816_1_4749054164534706977.csv,http://dbpedia.org/ontology/Airport,4,http://dbpedia.org/ontology/passengersPerYear,http://dbpedia.org/property/data,1
34041816_1_4749054164534706977.csv,http://dbpedia.org/ontology/Airport,4,http://dbpedia.org/ontology/passengersPerYear,http://dbpedia.org/property/r4LengthM,2
34041816_1_4749054164534706977.csv,http://dbpedia.org/ontology/Airport,4,http://dbpedia.org/ontology/passengersPerYear,http://dbpedia.org/property/col2DataMax,3
35188621_0_6058553107571275232.csv,http://dbpedia.org/ontology/Film,2,http://dbpedia.org/property/released,http://dbpedia.org/property/year,1
35188621_0_6058553107571275232.csv,http://dbpedia.org/ontology/Film,2,http://dbpedia.org/property/released,http://dbpedia.org/property/established,2
35188621_0_6058553107571275232.csv,http://dbpedia.org/ontology/Film,2,http://dbpedia.org/property/released,http://dbpedia.org/property/years,3
36039980_4_4283009829602711082.csv,http://dbpedia.org/ontology/Mountain,2,http://dbpedia.org/ontology/maximumElevation,http://dbpedia.org/property/elevationM,1
36039980_4_4283009829602711082.csv,http://dbpedia.org/ontology/Mountain,2,http://dbpedia.org/ontology/maximumElevation,http://dbpedia.org/ontology/elevation,2
36039980_4_4283009829602711082.csv,http://dbpedia.org/ontology/Mountain,2,http://dbpedia.org/ontology/maximumElevation,http://dbpedia.org/property/prominence,3
37541068_1_1156932518917623732.csv,http://dbpedia.org/ontology/BaseballPlayer,3,http://dbpedia.org/property/startyear,http://dbpedia.org/property/coachYears,1
37541068_1_1156932518917623732.csv,http://dbpedia.org/ontology/BaseballPlayer,3,http://dbpedia.org/property/startyear,http://dbpedia.org/property/startyear,2
37541068_1_1156932518917623732.csv,http://dbpedia.org/ontology/BaseballPlayer,3,http://dbpedia.org/property/startyear,http://dbpedia.org/property/debutyear,3
37541068_1_1156932518917623732.csv,http://dbpedia.org/ontology/BaseballPlayer,4,http://dbpedia.org/property/finalyear,http://dbpedia.org/property/finalyear,1
37541068_1_1156932518917623732.csv,http://dbpedia.org/ontology/BaseballPlayer,4,http://dbpedia.org/property/finalyear,http://dbpedia.org/property/debutyear,2
37541068_1_1156932518917623732.csv,http://dbpedia.org/ontology/BaseballPlayer,4,http://dbpedia.org/property/finalyear,http://dbpedia.org/property/season,3
38428277_0_1311643810102462607.csv,http://dbpedia.org/ontology/Film,2,http://dbpedia.org/property/released,http://dbpedia.org/property/year,1
38428277_0_1311643810102462607.csv,http://dbpedia.org/ontology/Film,2,http://dbpedia.org/property/released,http://dbpedia.org/property/established,2
38428277_0_1311643810102462607.csv,http://dbpedia.org/ontology/Film,2,http://dbpedia.org/property/released,http://dbpedia.org/property/years,3
3887681_0_7938589465814037992.csv,http://dbpedia.org/ontology/Lake,3,http://dbpedia.org/ontology/buildingStartDate,http://dbpedia.org/ontology/buildingStartDate,1
3887681_0_7938589465814037992.csv,http://dbpedia.org/ontology/Lake,3,http://dbpedia.org/ontology/buildingStartDate,http://dbpedia.org/property/dateBuilt,2
3887681_0_7938589465814037992.csv,http://dbpedia.org/ontology/Lake,3,http://dbpedia.org/ontology/buildingStartDate,http://dbpedia.org/ontology/length,3
39107734_2_2329160387535788734.csv,http://dbpedia.org/ontology/Airport,4,http://dbpedia.org/ontology/passengersPerYear,http://dbpedia.org/property/data,1
39107734_2_2329160387535788734.csv,http://dbpedia.org/ontology/Airport,4,http://dbpedia.org/ontology/passengersPerYear,http://dbpedia.org/property/r4LengthM,2
39107734_2_2329160387535788734.csv,http://dbpedia.org/ontology/Airport,4,http://dbpedia.org/ontology/passengersPerYear,http://dbpedia.org/property/col2DataMax,3
3917335_0_7791699395300625164.csv,http://dbpedia.org/ontology/Country,2,http://dbpedia.org/property/statArea,http://dbpedia.org/property/statArea,1
3917335_0_7791699395300625164.csv,http://dbpedia.org/ontology/Country,2,http://dbpedia.org/property/statArea,http://dbpedia.org/property/populationTotal,2
3917335_0_7791699395300625164.csv,http://dbpedia.org/ontology/Country,2,http://dbpedia.org/property/statArea,http://dbpedia.org/property/areaKm,3
3917335_0_7791699395300625164.csv,http://dbpedia.org/ontology/Country,3,http://dbpedia.org/ontology/populationTotal,http://dbpedia.org/property/populationEstimate,1
3917335_0_7791699395300625164.csv,http://dbpedia.org/ontology/Country,3,http://dbpedia.org/ontology/populationTotal,http://dbpedia.org/property/populationCensus,2
3917335_0_7791699395300625164.csv,http://dbpedia.org/ontology/Country,3,http://dbpedia.org/ontology/populationTotal,http://dbpedia.org/property/statPop,3
39173938_0_7916056990138658530.csv,http://dbpedia.org/ontology/Film,2,http://dbpedia.org/property/released,http://dbpedia.org/property/established,1
39173938_0_7916056990138658530.csv,http://dbpedia.org/ontology/Film,2,http://dbpedia.org/property/released,http://dbpedia.org/property/year,2
39173938_0_7916056990138658530.csv,http://dbpedia.org/ontology/Film,2,http://dbpedia.org/property/released,http://dbpedia.org/property/recorded,3
39759273_0_1427898308030295194.csv,http://dbpedia.org/ontology/Film,2,http://dbpedia.org/property/pubDate,http://dbpedia.org/property/years,1
39759273_0_1427898308030295194.csv,http://dbpedia.org/ontology/Film,2,http://dbpedia.org/property/pubDate,http://dbpedia.org/property/recorded,2
39759273_0_1427898308030295194.csv,http://dbpedia.org/ontology/Film,2,http://dbpedia.org/property/pubDate,http://dbpedia.org/property/year,3
39759273_0_1427898308030295194.csv,http://dbpedia.org/ontology/Film,5,http://dbpedia.org/property/imdb,http://dbpedia.org/property/imdb,1
39759273_0_1427898308030295194.csv,http://dbpedia.org/ontology/Film,5,http://dbpedia.org/property/imdb,http://dbpedia.org/ontology/imdbId,2
39759273_0_1427898308030295194.csv,http://dbpedia.org/ontology/Film,5,http://dbpedia.org/property/imdb,http://dbpedia.org/property/boxOffice,3
40844462_1_6230938203735169234.csv,http://dbpedia.org/ontology/Film,2,http://dbpedia.org/property/pubDate,http://dbpedia.org/property/year,1
40844462_1_6230938203735169234.csv,http://dbpedia.org/ontology/Film,2,http://dbpedia.org/property/pubDate,http://dbpedia.org/property/established,2
40844462_1_6230938203735169234.csv,http://dbpedia.org/ontology/Film,2,http://dbpedia.org/property/pubDate,http://dbpedia.org/property/years,3
41194422_0_7231546114369966811.csv,http://dbpedia.org/ontology/Country,0,http://dbpedia.org/property/populationDensityRank,http://dbpedia.org/property/populationDensityRank,1
41194422_0_7231546114369966811.csv,http://dbpedia.org/ontology/Country,0,http://dbpedia.org/property/populationDensityRank,http://dbpedia.org/property/insigniasize,2
41194422_0_7231546114369966811.csv,http://dbpedia.org/ontology/Country,0,http://dbpedia.org/property/populationDensityRank,http://dbpedia.org/property/areaRank,3
41194422_0_7231546114369966811.csv,http://dbpedia.org/ontology/Country,2,http://dbpedia.org/ontology/populationTotal,http://dbpedia.org/property/populationEstimate,1
41194422_0_7231546114369966811.csv,http://dbpedia.org/ontology/Country,2,http://dbpedia.org/ontology/populationTotal,http://dbpedia.org/property/populationCensus,2
41194422_0_7231546114369966811.csv,http://dbpedia.org/ontology/Country,2,http://dbpedia.org/ontology/populationTotal,http://dbpedia.org/property/statPop,3
41194422_1_1172256090552737974.csv,http://dbpedia.org/ontology/Country,0,http://dbpedia.org/property/populationEstimateRank,http://dbpedia.org/property/populationDensityRank,1
41194422_1_1172256090552737974.csv,http://dbpedia.org/ontology/Country,0,http://dbpedia.org/property/populationEstimateRank,http://dbpedia.org/property/insigniasize,2
41194422_1_1172256090552737974.csv,http://dbpedia.org/ontology/Country,0,http://dbpedia.org/property/populationEstimateRank,http://dbpedia.org/property/areaRank,3
41194422_1_1172256090552737974.csv,http://dbpedia.org/ontology/Country,2,http://dbpedia.org/ontology/populationTotal,http://dbpedia.org/property/populationEstimate,1
41194422_1_1172256090552737974.csv,http://dbpedia.org/ontology/Country,2,http://dbpedia.org/ontology/populationTotal,http://dbpedia.org/property/populationCensus,2
41194422_1_1172256090552737974.csv,http://dbpedia.org/ontology/Country,2,http://dbpedia.org/ontology/populationTotal,http://dbpedia.org/property/statPop,3
41819807_0_3139249984404131679.csv,http://dbpedia.org/ontology/Lake,2,http://dbpedia.org/ontology/Lake/areaOfCatchment,http://dbpedia.org/ontology/length,1
41819807_0_3139249984404131679.csv,http://dbpedia.org/ontology/Lake,2,http://dbpedia.org/ontology/Lake/areaOfCatchment,http://dbpedia.org/ontology/width,2
41819807_0_3139249984404131679.csv,http://dbpedia.org/ontology/Lake,2,http://dbpedia.org/ontology/Lake/areaOfCatchment,http://dbpedia.org/ontology/elevation,3
43469354_0_6029017163991310319.csv,http://dbpedia.org/ontology/City,3,http://dbpedia.org/ontology/populationUrban,http://dbpedia.org/property/gemeindeschlüssel,1
43469354_0_6029017163991310319.csv,http://dbpedia.org/ontology/City,3,http://dbpedia.org/ontology/populationUrban,http://dbpedia.org/ontology/areaLand,2
43469354_0_6029017163991310319.csv,http://dbpedia.org/ontology/City,3,http://dbpedia.org/ontology/populationUrban,http://dbpedia.org/property/areaMagnitude,3
43469354_0_6029017163991310319.csv,http://dbpedia.org/ontology/City,4,http://dbpedia.org/ontology/populationMetro,http://dbpedia.org/property/gemeindeschlüssel,1
43469354_0_6029017163991310319.csv,http://dbpedia.org/ontology/City,4,http://dbpedia.org/ontology/populationMetro,http://dbpedia.org/ontology/areaLand,2
43469354_0_6029017163991310319.csv,http://dbpedia.org/ontology/City,4,http://dbpedia.org/ontology/populationMetro,http://dbpedia.org/ontology/areaTotal,3
44206774_0_3810538885942465703.csv,http://dbpedia.org/ontology/GolfPlayer,2,http://dbpedia.org/property/majorwins,http://dbpedia.org/ontology/height,1
44206774_0_3810538885942465703.csv,http://dbpedia.org/ontology/GolfPlayer,2,http://dbpedia.org/property/majorwins,http://dbpedia.org/property/chalwins,2
44206774_0_3810538885942465703.csv,http://dbpedia.org/ontology/GolfPlayer,2,http://dbpedia.org/property/majorwins,http://dbpedia.org/property/majorwins,3
44206774_0_3810538885942465703.csv,http://dbpedia.org/ontology/GolfPlayer,4,http://dbpedia.org/property/jlpgawins,http://dbpedia.org/property/imagesize,1
44206774_0_3810538885942465703.csv,http://dbpedia.org/ontology/GolfPlayer,4,http://dbpedia.org/property/jlpgawins,http://dbpedia.org/property/yearpro,2
44206774_0_3810538885942465703.csv,http://dbpedia.org/ontology/GolfPlayer,4,http://dbpedia.org/property/jlpgawins,http://dbpedia.org/property/retired,3
4444204_0_951426790527152756.csv,http://dbpedia.org/ontology/City,3,http://dbpedia.org/ontology/populationMetro,http://dbpedia.org/property/blank1Info,1
4444204_0_951426790527152756.csv,http://dbpedia.org/ontology/City,3,http://dbpedia.org/ontology/populationMetro,http://dbpedia.org/ontology/populationMetro,2
4444204_0_951426790527152756.csv,http://dbpedia.org/ontology/City,3,http://dbpedia.org/ontology/populationMetro,http://dbpedia.org/property/populationMetro,3
4444204_0_951426790527152756.csv,http://dbpedia.org/ontology/City,4,http://dbpedia.org/ontology/populationUrban,http://dbpedia.org/property/gnisId,1
4444204_0_951426790527152756.csv,http://dbpedia.org/ontology/City,4,http://dbpedia.org/ontology/populationUrban,http://dbpedia.org/ontology/populationMetro,2
4444204_0_951426790527152756.csv,http://dbpedia.org/ontology/City,4,http://dbpedia.org/ontology/populationUrban,http://dbpedia.org/property/populationMetro,3
49087820_0_461228320225084868.csv,http://dbpedia.org/ontology/Currency,3,http://dbpedia.org/property/isoNumber,http://dbpedia.org/property/rarelyUsedBanknotes,1
49087820_0_461228320225084868.csv,http://dbpedia.org/ontology/Currency,3,http://dbpedia.org/property/isoNumber,http://dbpedia.org/property/frequentlyUsedCoins,2
49087820_0_461228320225084868.csv,http://dbpedia.org/ontology/Currency,3,http://dbpedia.org/property/isoNumber,http://dbpedia.org/property/rarelyUsedCoins,3
49772588_0_6549847739640234347.csv,http://dbpedia.org/ontology/Country,2,http://dbpedia.org/ontology/populationTotal,http://dbpedia.org/property/admissionsTotal,1
49772588_0_6549847739640234347.csv,http://dbpedia.org/ontology/Country,2,http://dbpedia.org/ontology/populationTotal,http://dbpedia.org/property/areaMagnitude,2
49772588_0_6549847739640234347.csv,http://dbpedia.org/ontology/Country,2,http://dbpedia.org/ontology/populationTotal,http://dbpedia.org/property/populationEstimate,3
49801939_0_6964113429298874283.csv,http://dbpedia.org/ontology/Mountain,1,http://dbpedia.org/property/elevation,http://dbpedia.org/property/elevationFt,1
49801939_0_6964113429298874283.csv,http://dbpedia.org/ontology/Mountain,1,http://dbpedia.org/property/elevation,http://dbpedia.org/property/prominence,2
49801939_0_6964113429298874283.csv,http://dbpedia.org/ontology/Mountain,1,http://dbpedia.org/property/elevation,http://dbpedia.org/property/scale,3
50245608_0_871275842592178099.csv,http://dbpedia.org/ontology/Film,1,http://dbpedia.org/ontology/foundingYear,http://dbpedia.org/property/years,1
50245608_0_871275842592178099.csv,http://dbpedia.org/ontology/Film,1,http://dbpedia.org/ontology/foundingYear,http://dbpedia.org/property/recorded,2
50245608_0_871275842592178099.csv,http://dbpedia.org/ontology/Film,1,http://dbpedia.org/ontology/foundingYear,http://dbpedia.org/property/year,3
50245608_0_871275842592178099.csv,http://dbpedia.org/ontology/Film,5,http://dbpedia.org/property/length,http://dbpedia.org/property/kg,1
50245608_0_871275842592178099.csv,http://dbpedia.org/ontology/Film,5,http://dbpedia.org/property/length,http://dbpedia.org/ontology/numberOfEpisodes,2
50245608_0_871275842592178099.csv,http://dbpedia.org/ontology/Film,5,http://dbpedia.org/property/length,http://dbpedia.org/property/numEpisodes,3
52299421_0_4473286348258170200.csv,http://dbpedia.org/ontology/Country,6,http://dbpedia.org/ontology/populationTotal,http://dbpedia.org/property/admissionsTotal,1
52299421_0_4473286348258170200.csv,http://dbpedia.org/ontology/Country,6,http://dbpedia.org/ontology/populationTotal,http://dbpedia.org/property/areaMagnitude,2
52299421_0_4473286348258170200.csv,http://dbpedia.org/ontology/Country,6,http://dbpedia.org/ontology/populationTotal,http://dbpedia.org/property/populationEstimate,3
53822652_0_5767892317858575530.csv,http://dbpedia.org/ontology/Film,2,http://dbpedia.org/property/relyear,http://dbpedia.org/property/years,1
53822652_0_5767892317858575530.csv,http://dbpedia.org/ontology/Film,2,http://dbpedia.org/property/relyear,http://dbpedia.org/property/recorded,2
53822652_0_5767892317858575530.csv,http://dbpedia.org/ontology/Film,2,http://dbpedia.org/property/relyear,http://dbpedia.org/property/1y,3
53989675_0_8697482470743954630.csv,http://dbpedia.org/ontology/Lake,2,http://dbpedia.org/ontology/Lake/areaOfCatchment,http://dbpedia.org/property/shoreKm,1
53989675_0_8697482470743954630.csv,http://dbpedia.org/ontology/Lake,2,http://dbpedia.org/ontology/Lake/areaOfCatchment,http://dbpedia.org/property/elevationM,2
53989675_0_8697482470743954630.csv,http://dbpedia.org/ontology/Lake,2,http://dbpedia.org/ontology/Lake/areaOfCatchment,http://dbpedia.org/property/catchment,3
54719588_0_8417197176086756912.csv,http://dbpedia.org/ontology/Film,6,http://dbpedia.org/property/pubDate,http://dbpedia.org/property/year,1
54719588_0_8417197176086756912.csv,http://dbpedia.org/ontology/Film,6,http://dbpedia.org/property/pubDate,http://dbpedia.org/property/established,2
54719588_0_8417197176086756912.csv,http://dbpedia.org/ontology/Film,6,http://dbpedia.org/property/pubDate,http://dbpedia.org/property/recorded,3
54719588_0_8417197176086756912.csv,http://dbpedia.org/ontology/Film,6,http://dbpedia.org/ontology/deathYear,http://dbpedia.org/property/year,1
54719588_0_8417197176086756912.csv,http://dbpedia.org/ontology/Film,6,http://dbpedia.org/ontology/deathYear,http://dbpedia.org/property/established,2
54719588_0_8417197176086756912.csv,http://dbpedia.org/ontology/Film,6,http://dbpedia.org/ontology/deathYear,http://dbpedia.org/property/recorded,3
55961337_0_6548713781034932742.csv,http://dbpedia.org/ontology/Currency,3,55961337_0_6548713781034932742.tar.gz,http://dbpedia.org/property/width,1
55961337_0_6548713781034932742.csv,http://dbpedia.org/ontology/Currency,3,55961337_0_6548713781034932742.tar.gz,http://dbpedia.org/property/bsize,2
55961337_0_6548713781034932742.csv,http://dbpedia.org/ontology/Currency,3,55961337_0_6548713781034932742.tar.gz,http://dbpedia.org/property/rarelyUsedBanknotes,3
57938705_0_8737506792349461963.csv,http://dbpedia.org/ontology/VideoGame,3,http://dbpedia.org/property/productionDate,http://dbpedia.org/property/years,1
57938705_0_8737506792349461963.csv,http://dbpedia.org/ontology/VideoGame,3,http://dbpedia.org/property/productionDate,http://dbpedia.org/property/totalLength,2
57938705_0_8737506792349461963.csv,http://dbpedia.org/ontology/VideoGame,3,http://dbpedia.org/property/productionDate,http://dbpedia.org/property/height,3
58891288_0_1117541047012405958.csv,http://dbpedia.org/ontology/Film,2,http://dbpedia.org/property/released,http://dbpedia.org/property/established,1
58891288_0_1117541047012405958.csv,http://dbpedia.org/ontology/Film,2,http://dbpedia.org/property/released,http://dbpedia.org/property/year,2
58891288_0_1117541047012405958.csv,http://dbpedia.org/ontology/Film,2,http://dbpedia.org/property/released,http://dbpedia.org/property/years,3
5972322_0_3150366936082777235.csv,http://dbpedia.org/ontology/Election,1,http://dbpedia.org/property/votes,http://dbpedia.org/property/brooklyn,1
5972322_0_3150366936082777235.csv,http://dbpedia.org/ontology/Election,1,http://dbpedia.org/property/votes,http://dbpedia.org/property/manhattan,2
5972322_0_3150366936082777235.csv,http://dbpedia.org/ontology/Election,1,http://dbpedia.org/property/votes,http://dbpedia.org/property/queens,3
5972322_0_3150366936082777235.csv,http://dbpedia.org/ontology/Election,3,http://dbpedia.org/property/ukSeats,http://dbpedia.org/property/pvPct,1
5972322_0_3150366936082777235.csv,http://dbpedia.org/ontology/Election,3,http://dbpedia.org/property/ukSeats,http://dbpedia.org/property/lastElection,2
5972322_0_3150366936082777235.csv,http://dbpedia.org/ontology/Election,3,http://dbpedia.org/property/ukSeats,http://dbpedia.org/property/seats%25_,3
61069974_0_1894536874590565102.csv,http://dbpedia.org/ontology/Currency,3,http://dbpedia.org/property/isoNumber,http://dbpedia.org/property/rarelyUsedBanknotes,1
61069974_0_1894536874590565102.csv,http://dbpedia.org/ontology/Currency,3,http://dbpedia.org/property/isoNumber,http://dbpedia.org/property/isoNumber,2
61069974_0_1894536874590565102.csv,http://dbpedia.org/ontology/Currency,3,http://dbpedia.org/property/isoNumber,http://dbpedia.org/property/frequentlyUsedCoins,3
61626303_0_266372209664087642.csv,http://dbpedia.org/ontology/RadioStation,3,http://dbpedia.org/property/formerFrequencies,http://dbpedia.org/property/power,1
61626303_0_266372209664087642.csv,http://dbpedia.org/ontology/RadioStation,3,http://dbpedia.org/property/formerFrequencies,http://dbpedia.org/property/formerFrequencies,2
61626303_0_266372209664087642.csv,http://dbpedia.org/ontology/RadioStation,3,http://dbpedia.org/property/formerFrequencies,http://dbpedia.org/property/frequency,3
61626303_0_266372209664087642.csv,http://dbpedia.org/ontology/RadioStation,4,http://dbpedia.org/property/formerFrequencies,http://dbpedia.org/property/erp,1
61626303_0_266372209664087642.csv,http://dbpedia.org/ontology/RadioStation,4,http://dbpedia.org/property/formerFrequencies,http://dbpedia.org/property/power,2
61626303_0_266372209664087642.csv,http://dbpedia.org/ontology/RadioStation,4,http://dbpedia.org/property/formerFrequencies,http://dbpedia.org/property/formerFrequencies,3
66329615_0_3585856495110277641.csv,http://dbpedia.org/ontology/VideoGame,0,http://dbpedia.org/property/recorded,http://dbpedia.org/property/years,1
66329615_0_3585856495110277641.csv,http://dbpedia.org/ontology/VideoGame,0,http://dbpedia.org/property/recorded,http://dbpedia.org/property/totalLength,2
66329615_0_3585856495110277641.csv,http://dbpedia.org/ontology/VideoGame,0,http://dbpedia.org/property/recorded,http://dbpedia.org/property/height,3
67865873_0_8259587610208037357.csv,http://dbpedia.org/ontology/Country,2,http://dbpedia.org/ontology/populationTotal,http://dbpedia.org/property/populationEstimate,1
67865873_0_8259587610208037357.csv,http://dbpedia.org/ontology/Country,2,http://dbpedia.org/ontology/populationTotal,http://dbpedia.org/property/populationCensus,2
67865873_0_8259587610208037357.csv,http://dbpedia.org/ontology/Country,2,http://dbpedia.org/ontology/populationTotal,http://dbpedia.org/property/statPop,3
68779923_0_3859283110041832023.csv,http://dbpedia.org/ontology/Country,1,http://dbpedia.org/ontology/foundingYear,http://dbpedia.org/property/years,1
68779923_0_3859283110041832023.csv,http://dbpedia.org/ontology/Country,1,http://dbpedia.org/ontology/foundingYear,http://dbpedia.org/property/yearDeputy,2
68779923_0_3859283110041832023.csv,http://dbpedia.org/ontology/Country,1,http://dbpedia.org/ontology/foundingYear,http://dbpedia.org/property/yearRepresentative,3
68779923_1_3240042497463101224.csv,http://dbpedia.org/ontology/Country,1,http://dbpedia.org/property/created,http://dbpedia.org/property/fromyr,1
68779923_1_3240042497463101224.csv,http://dbpedia.org/ontology/Country,1,http://dbpedia.org/property/created,http://dbpedia.org/property/toyr,2
68779923_1_3240042497463101224.csv,http://dbpedia.org/ontology/Country,1,http://dbpedia.org/property/created,http://dbpedia.org/property/founded,3
68779923_2_1000046510804975562.csv,http://dbpedia.org/ontology/Country,1,http://dbpedia.org/property/yearDeputy,http://dbpedia.org/property/fromyr,1
68779923_2_1000046510804975562.csv,http://dbpedia.org/ontology/Country,1,http://dbpedia.org/property/yearDeputy,http://dbpedia.org/property/toyr,2
68779923_2_1000046510804975562.csv,http://dbpedia.org/ontology/Country,1,http://dbpedia.org/property/yearDeputy,http://dbpedia.org/property/statYear,3
68779923_5_2067037721454758189.csv,http://dbpedia.org/ontology/Country,1,http://dbpedia.org/property/created,http://dbpedia.org/property/yearRepresentative,1
68779923_5_2067037721454758189.csv,http://dbpedia.org/ontology/Country,1,http://dbpedia.org/property/created,http://dbpedia.org/property/yearSun,2
68779923_5_2067037721454758189.csv,http://dbpedia.org/ontology/Country,1,http://dbpedia.org/property/created,http://dbpedia.org/property/yearEvent,3
69537082_0_7789694313271016902.csv,http://dbpedia.org/ontology/Country,0,http://dbpedia.org/property/populationEstimateRank,http://dbpedia.org/property/insigniasize,1
69537082_0_7789694313271016902.csv,http://dbpedia.org/ontology/Country,0,http://dbpedia.org/property/populationEstimateRank,http://dbpedia.org/property/populationDensityRank,2
69537082_0_7789694313271016902.csv,http://dbpedia.org/ontology/Country,0,http://dbpedia.org/property/populationEstimateRank,http://dbpedia.org/property/areaRank,3
69537082_0_7789694313271016902.csv,http://dbpedia.org/ontology/Country,2,http://dbpedia.org/ontology/populationTotal,http://dbpedia.org/property/populationEstimate,1
69537082_0_7789694313271016902.csv,http://dbpedia.org/ontology/Country,2,http://dbpedia.org/ontology/populationTotal,http://dbpedia.org/property/populationCensus,2
69537082_0_7789694313271016902.csv,http://dbpedia.org/ontology/Country,2,http://dbpedia.org/ontology/populationTotal,http://dbpedia.org/property/statPop,3
69881946_0_1105130426898457358.csv,http://dbpedia.org/ontology/Film,2,http://dbpedia.org/property/released,http://dbpedia.org/property/year,1
69881946_0_1105130426898457358.csv,http://dbpedia.org/ontology/Film,2,http://dbpedia.org/property/released,http://dbpedia.org/property/established,2
69881946_0_1105130426898457358.csv,http://dbpedia.org/ontology/Film,2,http://dbpedia.org/property/released,http://dbpedia.org/property/recorded,3
70404164_0_5498195978476333642.csv,http://dbpedia.org/ontology/City,3,http://dbpedia.org/ontology/populationUrban,http://dbpedia.org/property/blank1Info,1
70404164_0_5498195978476333642.csv,http://dbpedia.org/ontology/City,3,http://dbpedia.org/ontology/populationUrban,http://dbpedia.org/property/gnisId,2
70404164_0_5498195978476333642.csv,http://dbpedia.org/ontology/City,3,http://dbpedia.org/ontology/populationUrban,http://dbpedia.org/ontology/populationMetro,3
70404164_0_5498195978476333642.csv,http://dbpedia.org/ontology/City,4,http://dbpedia.org/ontology/populationMetro,http://dbpedia.org/property/gnisId,1
70404164_0_5498195978476333642.csv,http://dbpedia.org/ontology/City,4,http://dbpedia.org/ontology/populationMetro,http://dbpedia.org/ontology/populationMetro,2
70404164_0_5498195978476333642.csv,http://dbpedia.org/ontology/City,4,http://dbpedia.org/ontology/populationMetro,http://dbpedia.org/property/populationMetro,3
72017594_0_7055198579167316152.csv,http://dbpedia.org/ontology/Museum,2,http://dbpedia.org/ontology/numberOfVisitors,http://dbpedia.org/property/visitors,1
72017594_0_7055198579167316152.csv,http://dbpedia.org/ontology/Museum,2,http://dbpedia.org/ontology/numberOfVisitors,http://dbpedia.org/ontology/numberOfVisitors,2
72017594_0_7055198579167316152.csv,http://dbpedia.org/ontology/Museum,2,http://dbpedia.org/ontology/numberOfVisitors,http://dbpedia.org/ontology/nrhpReferenceNumber,3
72017594_0_7055198579167316152.csv,http://dbpedia.org/ontology/Museum,3,http://dbpedia.org/ontology/numberOfVisitors,http://dbpedia.org/ontology/nrhpReferenceNumber,1
72017594_0_7055198579167316152.csv,http://dbpedia.org/ontology/Museum,3,http://dbpedia.org/ontology/numberOfVisitors,http://dbpedia.org/property/visitors,2
72017594_0_7055198579167316152.csv,http://dbpedia.org/ontology/Museum,3,http://dbpedia.org/ontology/numberOfVisitors,http://dbpedia.org/ontology/numberOfVisitors,3
73988811_0_2775758476756716904.csv,http://dbpedia.org/ontology/Film,2,http://dbpedia.org/property/firstAired,http://dbpedia.org/property/recorded,1
73988811_0_2775758476756716904.csv,http://dbpedia.org/ontology/Film,2,http://dbpedia.org/property/firstAired,http://dbpedia.org/property/years,2
73988811_0_2775758476756716904.csv,http://dbpedia.org/ontology/Film,2,http://dbpedia.org/property/firstAired,http://dbpedia.org/property/year,3
75154185_0_1607627349983289012.csv,http://dbpedia.org/ontology/City,3,http://dbpedia.org/ontology/populationUrban,http://dbpedia.org/property/blank1Info,1
75154185_0_1607627349983289012.csv,http://dbpedia.org/ontology/City,3,http://dbpedia.org/ontology/populationUrban,http://dbpedia.org/ontology/populationMetro,2
75154185_0_1607627349983289012.csv,http://dbpedia.org/ontology/City,3,http://dbpedia.org/ontology/populationUrban,http://dbpedia.org/property/populationMetro,3
75154185_0_1607627349983289012.csv,http://dbpedia.org/ontology/City,4,http://dbpedia.org/ontology/populationMetro,http://dbpedia.org/property/gnisId,1
75154185_0_1607627349983289012.csv,http://dbpedia.org/ontology/City,4,http://dbpedia.org/ontology/populationMetro,http://dbpedia.org/ontology/populationMetro,2
75154185_0_1607627349983289012.csv,http://dbpedia.org/ontology/City,4,http://dbpedia.org/ontology/populationMetro,http://dbpedia.org/property/populationMetro,3
76275868_0_4528346580716713695.csv,http://dbpedia.org/ontology/Country,1,http://dbpedia.org/ontology/populationTotal,http://dbpedia.org/property/populationEstimate,1
76275868_0_4528346580716713695.csv,http://dbpedia.org/ontology/Country,1,http://dbpedia.org/ontology/populationTotal,http://dbpedia.org/property/populationCensus,2
76275868_0_4528346580716713695.csv,http://dbpedia.org/ontology/Country,1,http://dbpedia.org/ontology/populationTotal,http://dbpedia.org/property/areaMagnitude,3
77632062_0_2292892375652659825.csv,http://dbpedia.org/ontology/City,3,http://dbpedia.org/ontology/populationUrban,http://dbpedia.org/property/blank1Info,1
77632062_0_2292892375652659825.csv,http://dbpedia.org/ontology/City,3,http://dbpedia.org/ontology/populationUrban,http://dbpedia.org/property/gnisId,2
77632062_0_2292892375652659825.csv,http://dbpedia.org/ontology/City,3,http://dbpedia.org/ontology/populationUrban,http://dbpedia.org/ontology/populationMetro,3
77632062_0_2292892375652659825.csv,http://dbpedia.org/ontology/City,4,http://dbpedia.org/ontology/populationMetro,http://dbpedia.org/property/gnisId,1
77632062_0_2292892375652659825.csv,http://dbpedia.org/ontology/City,4,http://dbpedia.org/ontology/populationMetro,http://dbpedia.org/ontology/populationMetro,2
77632062_0_2292892375652659825.csv,http://dbpedia.org/ontology/City,4,http://dbpedia.org/ontology/populationMetro,http://dbpedia.org/property/populationMetro,3
77694908_0_6083291340991074532.csv,http://dbpedia.org/ontology/Film,2,http://dbpedia.org/property/released,http://dbpedia.org/property/year,1
77694908_0_6083291340991074532.csv,http://dbpedia.org/ontology/Film,2,http://dbpedia.org/property/released,http://dbpedia.org/property/established,2
77694908_0_6083291340991074532.csv,http://dbpedia.org/ontology/Film,2,http://dbpedia.org/property/released,http://dbpedia.org/property/recorded,3
78891639_0_3299957631631122948.csv,http://dbpedia.org/ontology/City,3,http://dbpedia.org/ontology/populationUrban,http://dbpedia.org/property/gnisId,1
78891639_0_3299957631631122948.csv,http://dbpedia.org/ontology/City,3,http://dbpedia.org/ontology/populationUrban,http://dbpedia.org/property/blank1Info,2
78891639_0_3299957631631122948.csv,http://dbpedia.org/ontology/City,3,http://dbpedia.org/ontology/populationUrban,http://dbpedia.org/ontology/populationMetro,3
78891639_0_3299957631631122948.csv,http://dbpedia.org/ontology/City,4,http://dbpedia.org/ontology/populationMetro,http://dbpedia.org/property/gnisId,1
78891639_0_3299957631631122948.csv,http://dbpedia.org/ontology/City,4,http://dbpedia.org/ontology/populationMetro,http://dbpedia.org/ontology/populationMetro,2
78891639_0_3299957631631122948.csv,http://dbpedia.org/ontology/City,4,http://dbpedia.org/ontology/populationMetro,http://dbpedia.org/property/populationMetro,3
8009320_0_5507755752653817624.csv,http://dbpedia.org/ontology/Country,1,http://dbpedia.org/ontology/populationDensity,http://dbpedia.org/property/giniRank,1
8009320_0_5507755752653817624.csv,http://dbpedia.org/ontology/Country,1,http://dbpedia.org/ontology/populationDensity,http://dbpedia.org/property/caps,2
8009320_0_5507755752653817624.csv,http://dbpedia.org/ontology/Country,1,http://dbpedia.org/ontology/populationDensity,http://dbpedia.org/property/lonDeg,3
8009320_0_5507755752653817624.csv,http://dbpedia.org/ontology/Country,2,http://dbpedia.org/property/statArea,http://dbpedia.org/property/population,1
8009320_0_5507755752653817624.csv,http://dbpedia.org/ontology/Country,2,http://dbpedia.org/property/statArea,http://dbpedia.org/ontology/populationTotal,2
8009320_0_5507755752653817624.csv,http://dbpedia.org/ontology/Country,2,http://dbpedia.org/property/statArea,http://dbpedia.org/ontology/totalPopulation,3
8009320_0_5507755752653817624.csv,http://dbpedia.org/ontology/Country,3,http://dbpedia.org/ontology/populationTotal,http://dbpedia.org/property/populationEstimate,1
8009320_0_5507755752653817624.csv,http://dbpedia.org/ontology/Country,3,http://dbpedia.org/ontology/populationTotal,http://dbpedia.org/property/populationCensus,2
8009320_0_5507755752653817624.csv,http://dbpedia.org/ontology/Country,3,http://dbpedia.org/ontology/populationTotal,http://dbpedia.org/property/areaMagnitude,3
84548468_0_5955155464119382182.csv,http://dbpedia.org/ontology/Film,2,http://dbpedia.org/property/released,http://dbpedia.org/property/year,1
84548468_0_5955155464119382182.csv,http://dbpedia.org/ontology/Film,2,http://dbpedia.org/property/released,http://dbpedia.org/property/established,2
84548468_0_5955155464119382182.csv,http://dbpedia.org/ontology/Film,2,http://dbpedia.org/property/released,http://dbpedia.org/property/recorded,3
8468806_0_4382447409703007384.csv,http://dbpedia.org/ontology/Lake,3,http://dbpedia.org/ontology/Lake/areaOfCatchment,http://dbpedia.org/ontology/length,1
8468806_0_4382447409703007384.csv,http://dbpedia.org/ontology/Lake,3,http://dbpedia.org/ontology/Lake/areaOfCatchment,http://dbpedia.org/ontology/width,2
8468806_0_4382447409703007384.csv,http://dbpedia.org/ontology/Lake,3,http://dbpedia.org/ontology/Lake/areaOfCatchment,http://dbpedia.org/ontology/elevation,3
86297395_0_6919201319699354263.csv,http://dbpedia.org/ontology/Country,1,http://dbpedia.org/property/statArea,http://dbpedia.org/property/statArea,1
86297395_0_6919201319699354263.csv,http://dbpedia.org/ontology/Country,1,http://dbpedia.org/property/statArea,http://dbpedia.org/property/populationTotal,2
86297395_0_6919201319699354263.csv,http://dbpedia.org/ontology/Country,1,http://dbpedia.org/property/statArea,http://dbpedia.org/property/votes,3
86297395_0_6919201319699354263.csv,http://dbpedia.org/ontology/Country,4,http://dbpedia.org/ontology/populationTotal,http://dbpedia.org/property/admissionsTotal,1
86297395_0_6919201319699354263.csv,http://dbpedia.org/ontology/Country,4,http://dbpedia.org/ontology/populationTotal,http://dbpedia.org/property/areaMagnitude,2
86297395_0_6919201319699354263.csv,http://dbpedia.org/ontology/Country,4,http://dbpedia.org/ontology/populationTotal,http://dbpedia.org/property/populationEstimate,3
86627271_6_2239821927452848323.csv,http://dbpedia.org/ontology/Lake,1,http://dbpedia.org/ontology/Lake/areaOfCatchment,http://dbpedia.org/ontology/width,1
86627271_6_2239821927452848323.csv,http://dbpedia.org/ontology/Lake,1,http://dbpedia.org/ontology/Lake/areaOfCatchment,http://dbpedia.org/ontology/elevation,2
86627271_6_2239821927452848323.csv,http://dbpedia.org/ontology/Lake,1,http://dbpedia.org/ontology/Lake/areaOfCatchment,http://dbpedia.org/property/volume,3
86627271_6_2239821927452848323.csv,http://dbpedia.org/ontology/Lake,2,http://dbpedia.org/ontology/Lake/areaOfCatchment,http://dbpedia.org/ontology/width,1
86627271_6_2239821927452848323.csv,http://dbpedia.org/ontology/Lake,2,http://dbpedia.org/ontology/Lake/areaOfCatchment,http://dbpedia.org/ontology/elevation,2
86627271_6_2239821927452848323.csv,http://dbpedia.org/ontology/Lake,2,http://dbpedia.org/ontology/Lake/areaOfCatchment,http://dbpedia.org/property/volume,3
86627271_6_2239821927452848323.csv,http://dbpedia.org/ontology/Lake,3,http://dbpedia.org/property/height,http://dbpedia.org/property/elevationM,1
86627271_6_2239821927452848323.csv,http://dbpedia.org/ontology/Lake,3,http://dbpedia.org/property/height,http://dbpedia.org/ontology/Lake-areaOfCatchment,2
86627271_6_2239821927452848323.csv,http://dbpedia.org/ontology/Lake,3,http://dbpedia.org/property/height,http://dbpedia.org/property/catchment,3
88353875_0_4876234304797064286.csv,http://dbpedia.org/ontology/Mountain,2,http://dbpedia.org/ontology/maximumElevation,http://dbpedia.org/property/elevationM,1
88353875_0_4876234304797064286.csv,http://dbpedia.org/ontology/Mountain,2,http://dbpedia.org/ontology/maximumElevation,http://dbpedia.org/ontology/elevation,2
88353875_0_4876234304797064286.csv,http://dbpedia.org/ontology/Mountain,2,http://dbpedia.org/ontology/maximumElevation,http://dbpedia.org/ontology/firstAscentYear,3
88732174_0_7321365014357502211.csv,http://dbpedia.org/ontology/BaseballPlayer,0,http://dbpedia.org/property/year,http://dbpedia.org/property/hofdate,1
88732174_0_7321365014357502211.csv,http://dbpedia.org/ontology/BaseballPlayer,0,http://dbpedia.org/property/year,http://dbpedia.org/property/year,2
88732174_0_7321365014357502211.csv,http://dbpedia.org/ontology/BaseballPlayer,0,http://dbpedia.org/property/year,http://dbpedia.org/property/years,3
88732174_0_7321365014357502211.csv,http://dbpedia.org/ontology/BaseballPlayer,2,http://dbpedia.org/ontology/squadNumber,http://dbpedia.org/property/overall,1
88732174_0_7321365014357502211.csv,http://dbpedia.org/ontology/BaseballPlayer,2,http://dbpedia.org/ontology/squadNumber,http://dbpedia.org/property/stat24value,2
88732174_0_7321365014357502211.csv,http://dbpedia.org/ontology/BaseballPlayer,2,http://dbpedia.org/ontology/squadNumber,http://dbpedia.org/property/stat6value,3
90593344_0_8311455501234425088.csv,http://dbpedia.org/ontology/Mountain,3,http://dbpedia.org/ontology/maximumElevation,http://dbpedia.org/property/elevationM,1
90593344_0_8311455501234425088.csv,http://dbpedia.org/ontology/Mountain,3,http://dbpedia.org/ontology/maximumElevation,http://dbpedia.org/ontology/elevation,2
90593344_0_8311455501234425088.csv,http://dbpedia.org/ontology/Mountain,3,http://dbpedia.org/ontology/maximumElevation,http://dbpedia.org/ontology/firstAscentYear,3
91474256_0_964747655387573523.csv,http://dbpedia.org/ontology/City,3,http://dbpedia.org/ontology/populationUrban,http://dbpedia.org/property/blank1Info,1
91474256_0_964747655387573523.csv,http://dbpedia.org/ontology/City,3,http://dbpedia.org/ontology/populationUrban,http://dbpedia.org/ontology/populationMetro,2
91474256_0_964747655387573523.csv,http://dbpedia.org/ontology/City,3,http://dbpedia.org/ontology/populationUrban,http://dbpedia.org/property/populationMetro,3
91474256_0_964747655387573523.csv,http://dbpedia.org/ontology/City,4,http://dbpedia.org/ontology/populationMetro,http://dbpedia.org/property/gnisId,1
91474256_0_964747655387573523.csv,http://dbpedia.org/ontology/City,4,http://dbpedia.org/ontology/populationMetro,http://dbpedia.org/ontology/populationMetro,2
91474256_0_964747655387573523.csv,http://dbpedia.org/ontology/City,4,http://dbpedia.org/ontology/populationMetro,http://dbpedia.org/property/populationMetro,3
91959037_0_7907661684242014480.csv,http://dbpedia.org/ontology/VideoGame,3,http://dbpedia.org/property/ratings,http://dbpedia.org/property/content,1
91959037_0_7907661684242014480.csv,http://dbpedia.org/ontology/VideoGame,3,http://dbpedia.org/property/ratings,http://dbpedia.org/property/episodenumber,2
91959037_0_7907661684242014480.csv,http://dbpedia.org/ontology/VideoGame,3,http://dbpedia.org/property/ratings,http://dbpedia.org/property/rev1score,3
9206866_1_8114610355671172497.csv,http://dbpedia.org/ontology/Country,4,http://dbpedia.org/ontology/populationTotal,http://dbpedia.org/property/admissionsTotal,1
9206866_1_8114610355671172497.csv,http://dbpedia.org/ontology/Country,4,http://dbpedia.org/ontology/populationTotal,http://dbpedia.org/property/populationEstimate,2
9206866_1_8114610355671172497.csv,http://dbpedia.org/ontology/Country,4,http://dbpedia.org/ontology/populationTotal,http://dbpedia.org/property/populationCensus,3
9475172_1_1023126399856690702.csv,http://dbpedia.org/ontology/TelevisionShow,2,http://dbpedia.org/property/numSeries,http://dbpedia.org/property/numSeries,1
9475172_1_1023126399856690702.csv,http://dbpedia.org/ontology/TelevisionShow,2,http://dbpedia.org/property/numSeries,http://dbpedia.org/property/premiere,2
9475172_1_1023126399856690702.csv,http://dbpedia.org/ontology/TelevisionShow,2,http://dbpedia.org/property/numSeries,http://dbpedia.org/property/finale,3
97941125_0_8220652154649529701.csv,http://dbpedia.org/ontology/Currency,3,http://dbpedia.org/property/isoNumber,http://dbpedia.org/property/rarelyUsedBanknotes,1
97941125_0_8220652154649529701.csv,http://dbpedia.org/ontology/Currency,3,http://dbpedia.org/property/isoNumber,http://dbpedia.org/property/isoNumber,2
97941125_0_8220652154649529701.csv,http://dbpedia.org/ontology/Currency,3,http://dbpedia.org/property/isoNumber,http://dbpedia.org/property/rarelyUsedCoins,3
99070098_0_2074872741302696997.csv,http://dbpedia.org/ontology/Mountain,2,http://dbpedia.org/ontology/maximumElevation,http://dbpedia.org/property/elevationM,1
99070098_0_2074872741302696997.csv,http://dbpedia.org/ontology/Mountain,2,http://dbpedia.org/ontology/maximumElevation,http://dbpedia.org/ontology/elevation,2
99070098_0_2074872741302696997.csv,http://dbpedia.org/ontology/Mountain,2,http://dbpedia.org/ontology/maximumElevation,http://dbpedia.org/ontology/firstAscentYear,3
